source,metric,sector,vendor_pair,quissly_mean,other_mean,observed_diff,ci_low,ci_high,p_raw,p_holm_236,significant_236,n_queries,n_replicates,seed
original_grid,precision_at_10,auto,quissly_vs_algolia,0.686067,0.487434,0.198632,0.148407,0.248127,0.000000,0.000000,True,180,10000,42
original_grid,precision_at_10,cosmetics,quissly_vs_algolia,0.680486,0.501318,0.179168,0.133432,0.227733,0.000000,0.000000,True,180,10000,42
original_grid,precision_at_10,electronics,quissly_vs_algolia,0.619467,0.403337,0.216130,0.168367,0.266092,0.000000,0.000000,True,180,10000,42
original_grid,precision_at_10,fast_fashion,quissly_vs_algolia,0.524017,0.370233,0.153783,0.102854,0.207741,0.000000,0.000000,True,180,10000,42
original_grid,precision_at_10,furniture,quissly_vs_algolia,0.614631,0.440264,0.174367,0.129037,0.220235,0.000000,0.000000,True,179,10000,42
original_grid,precision_at_10,marketplace,quissly_vs_algolia,0.345342,0.200402,0.144940,0.103672,0.188442,0.000000,0.000000,True,180,10000,42
original_grid,precision_at_10,pharmacy,quissly_vs_algolia,0.475383,0.305882,0.169502,0.113226,0.225817,0.000000,0.000000,True,180,10000,42
original_grid,precision_at_10,pooled,quissly_vs_algolia,0.563587,0.386939,0.176648,0.157623,0.195105,0.000000,0.000000,True,1259,10000,42
original_grid,precision_at_10,auto,quissly_vs_clerk,0.686067,0.522414,0.163653,0.121968,0.206926,0.000000,0.000000,True,180,10000,42
original_grid,precision_at_10,cosmetics,quissly_vs_clerk,0.680486,0.542102,0.138384,0.097217,0.178874,0.000000,0.000000,True,180,10000,42
original_grid,precision_at_10,electronics,quissly_vs_clerk,0.619467,0.422295,0.197172,0.152005,0.244613,0.000000,0.000000,True,180,10000,42
original_grid,precision_at_10,fast_fashion,quissly_vs_clerk,0.524017,0.384662,0.139355,0.097426,0.182806,0.000000,0.000000,True,180,10000,42
original_grid,precision_at_10,furniture,quissly_vs_clerk,0.614631,0.475923,0.138708,0.093254,0.185587,0.000000,0.000000,True,179,10000,42
original_grid,precision_at_10,marketplace,quissly_vs_clerk,0.345342,0.223313,0.122028,0.083246,0.164151,0.000000,0.000000,True,180,10000,42
original_grid,precision_at_10,pharmacy,quissly_vs_clerk,0.475383,0.324173,0.151211,0.092396,0.211526,0.000000,0.000000,True,180,10000,42
original_grid,precision_at_10,pooled,quissly_vs_clerk,0.563587,0.413505,0.150082,0.133225,0.167438,0.000000,0.000000,True,1259,10000,42
original_grid,precision_at_10,auto,quissly_vs_doofinder,0.686067,0.549347,0.136719,0.097149,0.176999,0.000000,0.000000,True,180,10000,42
original_grid,precision_at_10,cosmetics,quissly_vs_doofinder,0.680486,0.592703,0.087783,0.055315,0.121291,0.000000,0.000000,True,180,10000,42
original_grid,precision_at_10,electronics,quissly_vs_doofinder,0.619467,0.445827,0.173639,0.128705,0.217331,0.000000,0.000000,True,180,10000,42
original_grid,precision_at_10,fast_fashion,quissly_vs_doofinder,0.524017,0.409656,0.114361,0.070159,0.159334,0.000000,0.000000,True,180,10000,42
original_grid,precision_at_10,furniture,quissly_vs_doofinder,0.614631,0.507645,0.106987,0.070547,0.145487,0.000000,0.000000,True,179,10000,42
original_grid,precision_at_10,marketplace,quissly_vs_doofinder,0.345342,0.291217,0.054125,0.021098,0.090574,0.001200,0.012000,True,180,10000,42
original_grid,precision_at_10,pharmacy,quissly_vs_doofinder,0.475383,0.325576,0.149807,0.090485,0.206832,0.000000,0.000000,True,180,10000,42
original_grid,precision_at_10,pooled,quissly_vs_doofinder,0.563587,0.445947,0.117640,0.101969,0.134399,0.000000,0.000000,True,1259,10000,42
original_grid,precision_at_10,auto,quissly_vs_luigisbox,0.686067,0.545728,0.140338,0.099101,0.181655,0.000000,0.000000,True,180,10000,42
original_grid,precision_at_10,cosmetics,quissly_vs_luigisbox,0.680486,0.583337,0.097148,0.060431,0.135439,0.000000,0.000000,True,180,10000,42
original_grid,precision_at_10,electronics,quissly_vs_luigisbox,0.619467,0.437161,0.182306,0.136136,0.228647,0.000000,0.000000,True,180,10000,42
original_grid,precision_at_10,fast_fashion,quissly_vs_luigisbox,0.524017,0.409258,0.114759,0.064586,0.165384,0.000000,0.000000,True,180,10000,42
original_grid,precision_at_10,furniture,quissly_vs_luigisbox,0.614631,0.519219,0.095412,0.052510,0.139182,0.000000,0.000000,True,179,10000,42
original_grid,precision_at_10,marketplace,quissly_vs_luigisbox,0.345342,0.264432,0.080909,0.038714,0.125447,0.000600,0.009000,True,180,10000,42
original_grid,precision_at_10,pharmacy,quissly_vs_luigisbox,0.475383,0.316270,0.159113,0.102573,0.215276,0.000000,0.000000,True,180,10000,42
original_grid,precision_at_10,pooled,quissly_vs_luigisbox,0.563587,0.439280,0.124307,0.107078,0.142016,0.000000,0.000000,True,1259,10000,42
original_grid,precision_at_20,auto,quissly_vs_algolia,0.641775,0.469473,0.172302,0.126352,0.219900,0.000000,0.000000,True,180,10000,42
original_grid,precision_at_20,cosmetics,quissly_vs_algolia,0.637637,0.466827,0.170811,0.129193,0.212788,0.000000,0.000000,True,180,10000,42
original_grid,precision_at_20,electronics,quissly_vs_algolia,0.567171,0.367117,0.200054,0.157130,0.244487,0.000000,0.000000,True,180,10000,42
original_grid,precision_at_20,fast_fashion,quissly_vs_algolia,0.500216,0.354891,0.145325,0.093861,0.196239,0.000000,0.000000,True,180,10000,42
original_grid,precision_at_20,furniture,quissly_vs_algolia,0.559004,0.409592,0.149413,0.109089,0.190424,0.000000,0.000000,True,179,10000,42
original_grid,precision_at_20,marketplace,quissly_vs_algolia,0.321845,0.188839,0.133006,0.092407,0.175602,0.000000,0.000000,True,180,10000,42
original_grid,precision_at_20,pharmacy,quissly_vs_algolia,0.442851,0.277225,0.165626,0.109401,0.221199,0.000000,0.000000,True,180,10000,42
original_grid,precision_at_20,pooled,quissly_vs_algolia,0.524330,0.361957,0.162373,0.144899,0.179509,0.000000,0.000000,True,1259,10000,42
original_grid,precision_at_20,auto,quissly_vs_clerk,0.641775,0.499532,0.142243,0.101019,0.185621,0.000000,0.000000,True,180,10000,42
original_grid,precision_at_20,cosmetics,quissly_vs_clerk,0.637637,0.508573,0.129064,0.091888,0.165840,0.000000,0.000000,True,180,10000,42
original_grid,precision_at_20,electronics,quissly_vs_clerk,0.567171,0.385992,0.181179,0.139327,0.223350,0.000000,0.000000,True,180,10000,42
original_grid,precision_at_20,fast_fashion,quissly_vs_clerk,0.500216,0.371555,0.128661,0.087562,0.172136,0.000000,0.000000,True,180,10000,42
original_grid,precision_at_20,furniture,quissly_vs_clerk,0.559004,0.433597,0.125407,0.080630,0.169787,0.000000,0.000000,True,179,10000,42
original_grid,precision_at_20,marketplace,quissly_vs_clerk,0.321845,0.208236,0.113609,0.075667,0.153323,0.000000,0.000000,True,180,10000,42
original_grid,precision_at_20,pharmacy,quissly_vs_clerk,0.442851,0.300074,0.142776,0.087422,0.197674,0.000000,0.000000,True,180,10000,42
original_grid,precision_at_20,pooled,quissly_vs_clerk,0.524330,0.386757,0.137573,0.121338,0.154322,0.000000,0.000000,True,1259,10000,42
original_grid,precision_at_20,auto,quissly_vs_doofinder,0.641775,0.522757,0.119018,0.080798,0.158121,0.000000,0.000000,True,180,10000,42
original_grid,precision_at_20,cosmetics,quissly_vs_doofinder,0.637637,0.541164,0.096473,0.065932,0.127406,0.000000,0.000000,True,180,10000,42
original_grid,precision_at_20,electronics,quissly_vs_doofinder,0.567171,0.418400,0.148771,0.105524,0.192911,0.000000,0.000000,True,180,10000,42
original_grid,precision_at_20,fast_fashion,quissly_vs_doofinder,0.500216,0.385877,0.114339,0.070929,0.158737,0.000000,0.000000,True,180,10000,42
original_grid,precision_at_20,furniture,quissly_vs_doofinder,0.559004,0.465181,0.093823,0.057328,0.130005,0.000000,0.000000,True,179,10000,42
original_grid,precision_at_20,marketplace,quissly_vs_doofinder,0.321845,0.257593,0.064252,0.029390,0.101571,0.000600,0.009000,True,180,10000,42
original_grid,precision_at_20,pharmacy,quissly_vs_doofinder,0.442851,0.317304,0.125547,0.066264,0.185054,0.000000,0.000000,True,180,10000,42
original_grid,precision_at_20,pooled,quissly_vs_doofinder,0.524330,0.415429,0.108901,0.093264,0.124721,0.000000,0.000000,True,1259,10000,42
original_grid,precision_at_20,auto,quissly_vs_luigisbox,0.641775,0.504319,0.137456,0.097918,0.177552,0.000000,0.000000,True,180,10000,42
original_grid,precision_at_20,cosmetics,quissly_vs_luigisbox,0.637637,0.545976,0.091661,0.058713,0.126392,0.000000,0.000000,True,180,10000,42
original_grid,precision_at_20,electronics,quissly_vs_luigisbox,0.567171,0.400178,0.166993,0.124240,0.209843,0.000000,0.000000,True,180,10000,42
original_grid,precision_at_20,fast_fashion,quissly_vs_luigisbox,0.500216,0.393512,0.106704,0.055700,0.158493,0.000200,0.003600,True,180,10000,42
original_grid,precision_at_20,furniture,quissly_vs_luigisbox,0.559004,0.489931,0.069073,0.027042,0.110977,0.000600,0.009000,True,179,10000,42
original_grid,precision_at_20,marketplace,quissly_vs_luigisbox,0.321845,0.253468,0.068377,0.025846,0.113207,0.000600,0.009000,True,180,10000,42
original_grid,precision_at_20,pharmacy,quissly_vs_luigisbox,0.442851,0.295744,0.147106,0.093387,0.202812,0.000000,0.000000,True,180,10000,42
original_grid,precision_at_20,pooled,quissly_vs_luigisbox,0.524330,0.411814,0.112516,0.095725,0.129470,0.000000,0.000000,True,1259,10000,42
original_grid,recall_at_10,auto,quissly_vs_algolia,0.371534,0.217898,0.153636,0.114605,0.194078,0.000000,0.000000,True,174,10000,42
original_grid,recall_at_10,cosmetics,quissly_vs_algolia,0.364963,0.212647,0.152316,0.111241,0.195725,0.000000,0.000000,True,169,10000,42
original_grid,recall_at_10,electronics,quissly_vs_algolia,0.458270,0.256547,0.201722,0.155742,0.250403,0.000000,0.000000,True,167,10000,42
original_grid,recall_at_10,fast_fashion,quissly_vs_algolia,0.381808,0.183717,0.198091,0.134458,0.262026,0.000000,0.000000,True,145,10000,42
original_grid,recall_at_10,furniture,quissly_vs_algolia,0.471854,0.271973,0.199881,0.155224,0.248368,0.000000,0.000000,True,162,10000,42
original_grid,recall_at_10,marketplace,quissly_vs_algolia,0.564211,0.269579,0.294632,0.214177,0.377302,0.000000,0.000000,True,103,10000,42
original_grid,recall_at_10,pharmacy,quissly_vs_algolia,0.439957,0.208640,0.231317,0.167948,0.295964,0.000000,0.000000,True,139,10000,42
original_grid,recall_at_10,pooled,quissly_vs_algolia,0.428637,0.230558,0.198079,0.178024,0.218433,0.000000,0.000000,True,1059,10000,42
original_grid,recall_at_10,auto,quissly_vs_clerk,0.371534,0.250968,0.120566,0.078023,0.164366,0.000000,0.000000,True,174,10000,42
original_grid,recall_at_10,cosmetics,quissly_vs_clerk,0.364963,0.249739,0.115224,0.081957,0.150049,0.000000,0.000000,True,169,10000,42
original_grid,recall_at_10,electronics,quissly_vs_clerk,0.458270,0.262016,0.196253,0.150455,0.242848,0.000000,0.000000,True,167,10000,42
original_grid,recall_at_10,fast_fashion,quissly_vs_clerk,0.381808,0.182615,0.199193,0.136331,0.261378,0.000000,0.000000,True,145,10000,42
original_grid,recall_at_10,furniture,quissly_vs_clerk,0.471854,0.335661,0.136193,0.098942,0.176142,0.000000,0.000000,True,162,10000,42
original_grid,recall_at_10,marketplace,quissly_vs_clerk,0.564211,0.333263,0.230947,0.148224,0.315586,0.000000,0.000000,True,103,10000,42
original_grid,recall_at_10,pharmacy,quissly_vs_clerk,0.439957,0.218648,0.221310,0.149138,0.292729,0.000000,0.000000,True,139,10000,42
original_grid,recall_at_10,pooled,quissly_vs_clerk,0.428637,0.259873,0.168764,0.148945,0.188884,0.000000,0.000000,True,1059,10000,42
original_grid,recall_at_10,auto,quissly_vs_doofinder,0.371534,0.263667,0.107867,0.070486,0.146336,0.000000,0.000000,True,174,10000,42
original_grid,recall_at_10,cosmetics,quissly_vs_doofinder,0.364963,0.279102,0.085861,0.054951,0.120477,0.000000,0.000000,True,169,10000,42
original_grid,recall_at_10,electronics,quissly_vs_doofinder,0.458270,0.280729,0.177540,0.133552,0.222964,0.000000,0.000000,True,167,10000,42
original_grid,recall_at_10,fast_fashion,quissly_vs_doofinder,0.381808,0.202951,0.178857,0.119373,0.240076,0.000000,0.000000,True,145,10000,42
original_grid,recall_at_10,furniture,quissly_vs_doofinder,0.471854,0.330619,0.141235,0.102689,0.181610,0.000000,0.000000,True,162,10000,42
original_grid,recall_at_10,marketplace,quissly_vs_doofinder,0.564211,0.465596,0.098615,0.026784,0.171388,0.005200,0.041600,True,103,10000,42
original_grid,recall_at_10,pharmacy,quissly_vs_doofinder,0.439957,0.196768,0.243189,0.178027,0.308320,0.000000,0.000000,True,139,10000,42
original_grid,recall_at_10,pooled,quissly_vs_doofinder,0.428637,0.281609,0.147029,0.128775,0.166067,0.000000,0.000000,True,1059,10000,42
original_grid,recall_at_10,auto,quissly_vs_luigisbox,0.371534,0.236360,0.135174,0.098437,0.174912,0.000000,0.000000,True,174,10000,42
original_grid,recall_at_10,cosmetics,quissly_vs_luigisbox,0.364963,0.266435,0.098528,0.062868,0.135891,0.000000,0.000000,True,169,10000,42
original_grid,recall_at_10,electronics,quissly_vs_luigisbox,0.458270,0.272020,0.186249,0.139240,0.234907,0.000000,0.000000,True,167,10000,42
original_grid,recall_at_10,fast_fashion,quissly_vs_luigisbox,0.381808,0.192385,0.189423,0.123867,0.253842,0.000000,0.000000,True,145,10000,42
original_grid,recall_at_10,furniture,quissly_vs_luigisbox,0.471854,0.308439,0.163416,0.117993,0.210913,0.000000,0.000000,True,162,10000,42
original_grid,recall_at_10,marketplace,quissly_vs_luigisbox,0.564211,0.329050,0.235161,0.162783,0.310969,0.000000,0.000000,True,103,10000,42
original_grid,recall_at_10,pharmacy,quissly_vs_luigisbox,0.439957,0.231644,0.208314,0.135970,0.278822,0.000000,0.000000,True,139,10000,42
original_grid,recall_at_10,pooled,quissly_vs_luigisbox,0.428637,0.260184,0.168453,0.148200,0.188553,0.000000,0.000000,True,1059,10000,42
original_grid,recall_at_20,auto,quissly_vs_algolia,0.596165,0.332139,0.264026,0.212112,0.317530,0.000000,0.000000,True,174,10000,42
original_grid,recall_at_20,cosmetics,quissly_vs_algolia,0.612296,0.337457,0.274839,0.220340,0.331481,0.000000,0.000000,True,169,10000,42
original_grid,recall_at_20,electronics,quissly_vs_algolia,0.677200,0.351032,0.326168,0.268400,0.385533,0.000000,0.000000,True,167,10000,42
original_grid,recall_at_20,fast_fashion,quissly_vs_algolia,0.613591,0.273242,0.340350,0.257958,0.420787,0.000000,0.000000,True,145,10000,42
original_grid,recall_at_20,furniture,quissly_vs_algolia,0.722177,0.416508,0.305670,0.250431,0.362772,0.000000,0.000000,True,162,10000,42
original_grid,recall_at_20,marketplace,quissly_vs_algolia,0.744179,0.375442,0.368738,0.290446,0.451296,0.000000,0.000000,True,103,10000,42
original_grid,recall_at_20,pharmacy,quissly_vs_algolia,0.652049,0.272444,0.379604,0.299100,0.461024,0.000000,0.000000,True,139,10000,42
original_grid,recall_at_20,pooled,quissly_vs_algolia,0.654912,0.337185,0.317727,0.293274,0.342432,0.000000,0.000000,True,1059,10000,42
original_grid,recall_at_20,auto,quissly_vs_clerk,0.596165,0.388876,0.207289,0.150938,0.263852,0.000000,0.000000,True,174,10000,42
original_grid,recall_at_20,cosmetics,quissly_vs_clerk,0.612296,0.394518,0.217778,0.169019,0.268288,0.000000,0.000000,True,169,10000,42
original_grid,recall_at_20,electronics,quissly_vs_clerk,0.677200,0.384203,0.292996,0.236288,0.350729,0.000000,0.000000,True,167,10000,42
original_grid,recall_at_20,fast_fashion,quissly_vs_clerk,0.613591,0.279377,0.334214,0.254737,0.412562,0.000000,0.000000,True,145,10000,42
original_grid,recall_at_20,furniture,quissly_vs_clerk,0.722177,0.477210,0.244968,0.195538,0.296214,0.000000,0.000000,True,162,10000,42
original_grid,recall_at_20,marketplace,quissly_vs_clerk,0.744179,0.438016,0.306163,0.222126,0.395173,0.000000,0.000000,True,103,10000,42
original_grid,recall_at_20,pharmacy,quissly_vs_clerk,0.652049,0.305613,0.346436,0.253421,0.437475,0.000000,0.000000,True,139,10000,42
original_grid,recall_at_20,pooled,quissly_vs_clerk,0.654912,0.381410,0.273502,0.248971,0.298155,0.000000,0.000000,True,1059,10000,42
original_grid,recall_at_20,auto,quissly_vs_doofinder,0.596165,0.408481,0.187685,0.137825,0.239627,0.000000,0.000000,True,174,10000,42
original_grid,recall_at_20,cosmetics,quissly_vs_doofinder,0.612296,0.432563,0.179733,0.134828,0.225594,0.000000,0.000000,True,169,10000,42
original_grid,recall_at_20,electronics,quissly_vs_doofinder,0.677200,0.403849,0.273351,0.220629,0.328360,0.000000,0.000000,True,167,10000,42
original_grid,recall_at_20,fast_fashion,quissly_vs_doofinder,0.613591,0.327758,0.285834,0.199850,0.368968,0.000000,0.000000,True,145,10000,42
original_grid,recall_at_20,furniture,quissly_vs_doofinder,0.722177,0.494288,0.227889,0.176789,0.281206,0.000000,0.000000,True,162,10000,42
original_grid,recall_at_20,marketplace,quissly_vs_doofinder,0.744179,0.577543,0.166637,0.084957,0.251173,0.000000,0.000000,True,103,10000,42
original_grid,recall_at_20,pharmacy,quissly_vs_doofinder,0.652049,0.308859,0.343189,0.258662,0.426578,0.000000,0.000000,True,139,10000,42
original_grid,recall_at_20,pooled,quissly_vs_doofinder,0.654912,0.417034,0.237877,0.213772,0.262537,0.000000,0.000000,True,1059,10000,42
original_grid,recall_at_20,auto,quissly_vs_luigisbox,0.596165,0.354131,0.242034,0.191093,0.294066,0.000000,0.000000,True,174,10000,42
original_grid,recall_at_20,cosmetics,quissly_vs_luigisbox,0.612296,0.418308,0.193988,0.140633,0.249195,0.000000,0.000000,True,169,10000,42
original_grid,recall_at_20,electronics,quissly_vs_luigisbox,0.677200,0.379834,0.297365,0.239822,0.357165,0.000000,0.000000,True,167,10000,42
original_grid,recall_at_20,fast_fashion,quissly_vs_luigisbox,0.613591,0.290088,0.323503,0.240944,0.406250,0.000000,0.000000,True,145,10000,42
original_grid,recall_at_20,furniture,quissly_vs_luigisbox,0.722177,0.456027,0.266150,0.207693,0.324508,0.000000,0.000000,True,162,10000,42
original_grid,recall_at_20,marketplace,quissly_vs_luigisbox,0.744179,0.427556,0.316623,0.236529,0.395622,0.000000,0.000000,True,103,10000,42
original_grid,recall_at_20,pharmacy,quissly_vs_luigisbox,0.652049,0.319042,0.333006,0.244405,0.420605,0.000000,0.000000,True,139,10000,42
original_grid,recall_at_20,pooled,quissly_vs_luigisbox,0.654912,0.377780,0.277131,0.251871,0.302688,0.000000,0.000000,True,1059,10000,42
corrected_ndcg,ndcg_at_10,auto,quissly_vs_algolia,0.800648,0.510576,0.290071,0.233934,0.345316,0.000000,0.000000,True,180,10000,42
corrected_ndcg,ndcg_at_10,cosmetics,quissly_vs_algolia,0.790738,0.531181,0.259557,0.206755,0.314111,0.000000,0.000000,True,177,10000,42
corrected_ndcg,ndcg_at_10,electronics,quissly_vs_algolia,0.759951,0.464519,0.295432,0.240745,0.349464,0.000000,0.000000,True,178,10000,42
corrected_ndcg,ndcg_at_10,fast_fashion,quissly_vs_algolia,0.693549,0.398675,0.294874,0.232928,0.356507,0.000000,0.000000,True,174,10000,42
corrected_ndcg,ndcg_at_10,furniture,quissly_vs_algolia,0.768606,0.470572,0.298034,0.247250,0.350092,0.000000,0.000000,True,177,10000,42
corrected_ndcg,ndcg_at_10,marketplace,quissly_vs_algolia,0.671329,0.321568,0.349761,0.289383,0.410365,0.000000,0.000000,True,154,10000,42
corrected_ndcg,ndcg_at_10,pharmacy,quissly_vs_algolia,0.667528,0.367368,0.300160,0.230817,0.366275,0.000000,0.000000,True,172,10000,42
corrected_ndcg,ndcg_at_10,pooled,quissly_vs_algolia,0.737846,0.440575,0.297271,0.275633,0.319217,0.000000,0.000000,True,1212,10000,42
corrected_ndcg,ndcg_at_10,auto,quissly_vs_clerk,0.800648,0.581069,0.219578,0.169822,0.269531,0.000000,0.000000,True,180,10000,42
corrected_ndcg,ndcg_at_10,cosmetics,quissly_vs_clerk,0.790738,0.582618,0.208120,0.165169,0.252497,0.000000,0.000000,True,177,10000,42
corrected_ndcg,ndcg_at_10,electronics,quissly_vs_clerk,0.759951,0.491682,0.268269,0.216476,0.321110,0.000000,0.000000,True,178,10000,42
corrected_ndcg,ndcg_at_10,fast_fashion,quissly_vs_clerk,0.693549,0.436633,0.256916,0.198768,0.315851,0.000000,0.000000,True,174,10000,42
corrected_ndcg,ndcg_at_10,furniture,quissly_vs_clerk,0.768606,0.527331,0.241274,0.195617,0.289198,0.000000,0.000000,True,177,10000,42
corrected_ndcg,ndcg_at_10,marketplace,quissly_vs_clerk,0.671329,0.379043,0.292286,0.226431,0.357333,0.000000,0.000000,True,154,10000,42
corrected_ndcg,ndcg_at_10,pharmacy,quissly_vs_clerk,0.667528,0.429229,0.238299,0.161649,0.312552,0.000000,0.000000,True,172,10000,42
corrected_ndcg,ndcg_at_10,pooled,quissly_vs_clerk,0.737846,0.492366,0.245480,0.224793,0.266489,0.000000,0.000000,True,1212,10000,42
corrected_ndcg,ndcg_at_10,auto,quissly_vs_doofinder,0.800648,0.595420,0.205228,0.160891,0.249257,0.000000,0.000000,True,180,10000,42
corrected_ndcg,ndcg_at_10,cosmetics,quissly_vs_doofinder,0.790738,0.662421,0.128317,0.092278,0.166692,0.000000,0.000000,True,177,10000,42
corrected_ndcg,ndcg_at_10,electronics,quissly_vs_doofinder,0.759951,0.513749,0.246202,0.198925,0.295084,0.000000,0.000000,True,178,10000,42
corrected_ndcg,ndcg_at_10,fast_fashion,quissly_vs_doofinder,0.693549,0.491983,0.201566,0.141296,0.259551,0.000000,0.000000,True,174,10000,42
corrected_ndcg,ndcg_at_10,furniture,quissly_vs_doofinder,0.768606,0.579282,0.189323,0.147133,0.232138,0.000000,0.000000,True,177,10000,42
corrected_ndcg,ndcg_at_10,marketplace,quissly_vs_doofinder,0.671329,0.558796,0.112533,0.049836,0.176222,0.000000,0.000000,True,154,10000,42
corrected_ndcg,ndcg_at_10,pharmacy,quissly_vs_doofinder,0.667528,0.391238,0.276291,0.207668,0.342973,0.000000,0.000000,True,172,10000,42
corrected_ndcg,ndcg_at_10,pooled,quissly_vs_doofinder,0.737846,0.542374,0.195472,0.175836,0.215372,0.000000,0.000000,True,1212,10000,42
corrected_ndcg,ndcg_at_10,auto,quissly_vs_luigisbox,0.800648,0.573037,0.227611,0.177153,0.277347,0.000000,0.000000,True,180,10000,42
corrected_ndcg,ndcg_at_10,cosmetics,quissly_vs_luigisbox,0.790738,0.627365,0.163373,0.117466,0.210869,0.000000,0.000000,True,177,10000,42
corrected_ndcg,ndcg_at_10,electronics,quissly_vs_luigisbox,0.759951,0.501095,0.258856,0.205945,0.310819,0.000000,0.000000,True,178,10000,42
corrected_ndcg,ndcg_at_10,fast_fashion,quissly_vs_luigisbox,0.693549,0.443954,0.249596,0.192532,0.308086,0.000000,0.000000,True,174,10000,42
corrected_ndcg,ndcg_at_10,furniture,quissly_vs_luigisbox,0.768606,0.554704,0.213901,0.167269,0.261422,0.000000,0.000000,True,177,10000,42
corrected_ndcg,ndcg_at_10,marketplace,quissly_vs_luigisbox,0.671329,0.417006,0.254323,0.197414,0.312940,0.000000,0.000000,True,154,10000,42
corrected_ndcg,ndcg_at_10,pharmacy,quissly_vs_luigisbox,0.667528,0.423409,0.244119,0.169254,0.317934,0.000000,0.000000,True,172,10000,42
corrected_ndcg,ndcg_at_10,pooled,quissly_vs_luigisbox,0.737846,0.508136,0.229709,0.209016,0.250877,0.000000,0.000000,True,1212,10000,42
corrected_ndcg,ndcg_at_20,auto,quissly_vs_algolia,0.827417,0.513552,0.313865,0.260405,0.366354,0.000000,0.000000,True,180,10000,42
corrected_ndcg,ndcg_at_20,cosmetics,quissly_vs_algolia,0.813753,0.519635,0.294119,0.244024,0.346359,0.000000,0.000000,True,177,10000,42
corrected_ndcg,ndcg_at_20,electronics,quissly_vs_algolia,0.794923,0.460020,0.334902,0.283557,0.387307,0.000000,0.000000,True,178,10000,42
corrected_ndcg,ndcg_at_20,fast_fashion,quissly_vs_algolia,0.741745,0.390158,0.351587,0.289230,0.413993,0.000000,0.000000,True,174,10000,42
corrected_ndcg,ndcg_at_20,furniture,quissly_vs_algolia,0.811993,0.474298,0.337695,0.289580,0.385176,0.000000,0.000000,True,177,10000,42
corrected_ndcg,ndcg_at_20,marketplace,quissly_vs_algolia,0.700387,0.334219,0.366168,0.307748,0.425707,0.000000,0.000000,True,154,10000,42
corrected_ndcg,ndcg_at_20,pharmacy,quissly_vs_algolia,0.706242,0.353692,0.352550,0.285488,0.419174,0.000000,0.000000,True,172,10000,42
corrected_ndcg,ndcg_at_20,pooled,quissly_vs_algolia,0.772760,0.437658,0.335102,0.314123,0.356248,0.000000,0.000000,True,1212,10000,42
corrected_ndcg,ndcg_at_20,auto,quissly_vs_clerk,0.827417,0.590815,0.236601,0.187525,0.287922,0.000000,0.000000,True,180,10000,42
corrected_ndcg,ndcg_at_20,cosmetics,quissly_vs_clerk,0.813753,0.575387,0.238366,0.195884,0.280904,0.000000,0.000000,True,177,10000,42
corrected_ndcg,ndcg_at_20,electronics,quissly_vs_clerk,0.794923,0.492397,0.302526,0.254532,0.353186,0.000000,0.000000,True,178,10000,42
corrected_ndcg,ndcg_at_20,fast_fashion,quissly_vs_clerk,0.741745,0.429992,0.311754,0.251098,0.372146,0.000000,0.000000,True,174,10000,42
corrected_ndcg,ndcg_at_20,furniture,quissly_vs_clerk,0.811993,0.529523,0.282470,0.237123,0.328854,0.000000,0.000000,True,177,10000,42
corrected_ndcg,ndcg_at_20,marketplace,quissly_vs_clerk,0.700387,0.390962,0.309424,0.244010,0.375433,0.000000,0.000000,True,154,10000,42
corrected_ndcg,ndcg_at_20,pharmacy,quissly_vs_clerk,0.706242,0.417847,0.288395,0.214612,0.363683,0.000000,0.000000,True,172,10000,42
corrected_ndcg,ndcg_at_20,pooled,quissly_vs_clerk,0.772760,0.492128,0.280632,0.259140,0.302069,0.000000,0.000000,True,1212,10000,42
corrected_ndcg,ndcg_at_20,auto,quissly_vs_doofinder,0.827417,0.609145,0.218272,0.174344,0.262004,0.000000,0.000000,True,180,10000,42
corrected_ndcg,ndcg_at_20,cosmetics,quissly_vs_doofinder,0.813753,0.647422,0.166332,0.129867,0.203611,0.000000,0.000000,True,177,10000,42
corrected_ndcg,ndcg_at_20,electronics,quissly_vs_doofinder,0.794923,0.523737,0.271185,0.225205,0.316531,0.000000,0.000000,True,178,10000,42
corrected_ndcg,ndcg_at_20,fast_fashion,quissly_vs_doofinder,0.741745,0.495584,0.246162,0.183774,0.307821,0.000000,0.000000,True,174,10000,42
corrected_ndcg,ndcg_at_20,furniture,quissly_vs_doofinder,0.811993,0.582152,0.229841,0.188604,0.271177,0.000000,0.000000,True,177,10000,42
corrected_ndcg,ndcg_at_20,marketplace,quissly_vs_doofinder,0.700387,0.567043,0.133344,0.068711,0.197722,0.000200,0.003600,True,154,10000,42
corrected_ndcg,ndcg_at_20,pharmacy,quissly_vs_doofinder,0.706242,0.386826,0.319416,0.252219,0.386287,0.000000,0.000000,True,172,10000,42
corrected_ndcg,ndcg_at_20,pooled,quissly_vs_doofinder,0.772760,0.545046,0.227714,0.207842,0.247756,0.000000,0.000000,True,1212,10000,42
corrected_ndcg,ndcg_at_20,auto,quissly_vs_luigisbox,0.827417,0.567454,0.259962,0.214327,0.307651,0.000000,0.000000,True,180,10000,42
corrected_ndcg,ndcg_at_20,cosmetics,quissly_vs_luigisbox,0.813753,0.617516,0.196237,0.149302,0.245097,0.000000,0.000000,True,177,10000,42
corrected_ndcg,ndcg_at_20,electronics,quissly_vs_luigisbox,0.794923,0.502278,0.292644,0.241644,0.343791,0.000000,0.000000,True,178,10000,42
corrected_ndcg,ndcg_at_20,fast_fashion,quissly_vs_luigisbox,0.741745,0.434364,0.307381,0.246120,0.368249,0.000000,0.000000,True,174,10000,42
corrected_ndcg,ndcg_at_20,furniture,quissly_vs_luigisbox,0.811993,0.552628,0.259365,0.213827,0.306325,0.000000,0.000000,True,177,10000,42
corrected_ndcg,ndcg_at_20,marketplace,quissly_vs_luigisbox,0.700387,0.418813,0.281574,0.222370,0.339729,0.000000,0.000000,True,154,10000,42
corrected_ndcg,ndcg_at_20,pharmacy,quissly_vs_luigisbox,0.706242,0.419695,0.286547,0.213186,0.359046,0.000000,0.000000,True,172,10000,42
corrected_ndcg,ndcg_at_20,pooled,quissly_vs_luigisbox,0.772760,0.504065,0.268695,0.247958,0.289985,0.000000,0.000000,True,1212,10000,42
ezr,effective_zero_rate,auto,quissly_vs_algolia,0.000000,0.266667,-0.266667,-0.333333,-0.205556,0.000000,0.000000,True,180,10000,42
ezr,effective_zero_rate,cosmetics,quissly_vs_algolia,0.016667,0.305556,-0.288889,-0.355556,-0.222222,0.000000,0.000000,True,180,10000,42
ezr,effective_zero_rate,electronics,quissly_vs_algolia,0.022222,0.261111,-0.238889,-0.300000,-0.177778,0.000000,0.000000,True,180,10000,42
ezr,effective_zero_rate,fast_fashion,quissly_vs_algolia,0.083333,0.472222,-0.388889,-0.461111,-0.316667,0.000000,0.000000,True,180,10000,42
ezr,effective_zero_rate,furniture,quissly_vs_algolia,0.016760,0.279330,-0.262570,-0.329609,-0.201117,0.000000,0.000000,True,179,10000,42
ezr,effective_zero_rate,marketplace,quissly_vs_algolia,0.238889,0.583333,-0.344444,-0.416667,-0.272222,0.000000,0.000000,True,180,10000,42
ezr,effective_zero_rate,pharmacy,quissly_vs_algolia,0.138889,0.483333,-0.344444,-0.422222,-0.266667,0.000000,0.000000,True,180,10000,42
ezr,effective_zero_rate,tier_simple,quissly_vs_algolia,0.021053,0.058947,-0.037895,-0.056842,-0.021053,0.000200,0.003600,True,475,10000,42
ezr,effective_zero_rate,tier_medium,quissly_vs_algolia,0.085288,0.309168,-0.223881,-0.266525,-0.181237,0.000000,0.000000,True,469,10000,42
ezr,effective_zero_rate,tier_complex,quissly_vs_algolia,0.136508,0.965079,-0.828571,-0.869841,-0.784127,0.000000,0.000000,True,315,10000,42
ezr,effective_zero_rate,pooled,quissly_vs_algolia,0.073868,0.378872,-0.305004,-0.331215,-0.278793,0.000000,0.000000,True,1259,10000,42
ezr,effective_zero_rate,auto,quissly_vs_clerk,0.000000,0.066667,-0.066667,-0.105556,-0.033333,0.000000,0.000000,True,180,10000,42
ezr,effective_zero_rate,cosmetics,quissly_vs_clerk,0.016667,0.055556,-0.038889,-0.066667,-0.011111,0.002600,0.023400,True,180,10000,42
ezr,effective_zero_rate,electronics,quissly_vs_clerk,0.022222,0.094444,-0.072222,-0.111111,-0.038889,0.000000,0.000000,True,180,10000,42
ezr,effective_zero_rate,fast_fashion,quissly_vs_clerk,0.083333,0.277778,-0.194444,-0.261111,-0.127778,0.000000,0.000000,True,180,10000,42
ezr,effective_zero_rate,furniture,quissly_vs_clerk,0.016760,0.094972,-0.078212,-0.117318,-0.039106,0.000000,0.000000,True,179,10000,42
ezr,effective_zero_rate,marketplace,quissly_vs_clerk,0.238889,0.466667,-0.227778,-0.300000,-0.161111,0.000000,0.000000,True,180,10000,42
ezr,effective_zero_rate,pharmacy,quissly_vs_clerk,0.138889,0.327778,-0.188889,-0.266667,-0.111111,0.000000,0.000000,True,180,10000,42
ezr,effective_zero_rate,tier_simple,quissly_vs_clerk,0.021053,0.052632,-0.031579,-0.048421,-0.014737,0.000000,0.000000,True,475,10000,42
ezr,effective_zero_rate,tier_medium,quissly_vs_clerk,0.085288,0.217484,-0.132196,-0.166311,-0.098081,0.000000,0.000000,True,469,10000,42
ezr,effective_zero_rate,tier_complex,quissly_vs_clerk,0.136508,0.387302,-0.250794,-0.307937,-0.193651,0.000000,0.000000,True,315,10000,42
ezr,effective_zero_rate,pooled,quissly_vs_clerk,0.073868,0.197776,-0.123908,-0.144559,-0.103257,0.000000,0.000000,True,1259,10000,42
ezr,effective_zero_rate,auto,quissly_vs_doofinder,0.000000,0.022222,-0.022222,-0.044444,-0.005556,0.034000,0.204000,False,180,10000,42
ezr,effective_zero_rate,cosmetics,quissly_vs_doofinder,0.016667,0.027778,-0.011111,-0.027778,0.000000,0.265600,1.000000,False,180,10000,42
ezr,effective_zero_rate,electronics,quissly_vs_doofinder,0.022222,0.022222,0.000000,-0.016667,0.016667,1.000000,1.000000,False,180,10000,42
ezr,effective_zero_rate,fast_fashion,quissly_vs_doofinder,0.083333,0.161111,-0.077778,-0.138889,-0.022222,0.009400,0.065800,False,180,10000,42
ezr,effective_zero_rate,furniture,quissly_vs_doofinder,0.016760,0.027933,-0.011173,-0.027933,0.000000,0.266400,1.000000,False,179,10000,42
ezr,effective_zero_rate,marketplace,quissly_vs_doofinder,0.238889,0.261111,-0.022222,-0.088889,0.044444,0.550600,1.000000,False,180,10000,42
ezr,effective_zero_rate,pharmacy,quissly_vs_doofinder,0.138889,0.305556,-0.166667,-0.238889,-0.100000,0.000000,0.000000,True,180,10000,42
ezr,effective_zero_rate,tier_simple,quissly_vs_doofinder,0.021053,0.056842,-0.035789,-0.054737,-0.018947,0.000000,0.000000,True,475,10000,42
ezr,effective_zero_rate,tier_medium,quissly_vs_doofinder,0.085288,0.138593,-0.053305,-0.081023,-0.025586,0.000000,0.000000,True,469,10000,42
ezr,effective_zero_rate,tier_complex,quissly_vs_doofinder,0.136508,0.180952,-0.044444,-0.092063,0.000000,0.069200,0.346000,False,315,10000,42
ezr,effective_zero_rate,pooled,quissly_vs_doofinder,0.073868,0.118348,-0.044480,-0.061954,-0.027006,0.000000,0.000000,True,1259,10000,42
ezr,effective_zero_rate,auto,quissly_vs_luigisbox,0.000000,0.127778,-0.127778,-0.177778,-0.083333,0.000000,0.000000,True,180,10000,42
ezr,effective_zero_rate,cosmetics,quissly_vs_luigisbox,0.016667,0.127778,-0.111111,-0.161111,-0.066667,0.000000,0.000000,True,180,10000,42
ezr,effective_zero_rate,electronics,quissly_vs_luigisbox,0.022222,0.166667,-0.144444,-0.200000,-0.088889,0.000000,0.000000,True,180,10000,42
ezr,effective_zero_rate,fast_fashion,quissly_vs_luigisbox,0.083333,0.400000,-0.316667,-0.388889,-0.250000,0.000000,0.000000,True,180,10000,42
ezr,effective_zero_rate,furniture,quissly_vs_luigisbox,0.016760,0.128492,-0.111732,-0.162011,-0.067039,0.000000,0.000000,True,179,10000,42
ezr,effective_zero_rate,marketplace,quissly_vs_luigisbox,0.238889,0.488889,-0.250000,-0.316667,-0.188889,0.000000,0.000000,True,180,10000,42
ezr,effective_zero_rate,pharmacy,quissly_vs_luigisbox,0.138889,0.272222,-0.133333,-0.205556,-0.061111,0.000600,0.009000,True,180,10000,42
ezr,effective_zero_rate,tier_simple,quissly_vs_luigisbox,0.021053,0.065263,-0.044211,-0.063158,-0.027368,0.000000,0.000000,True,475,10000,42
ezr,effective_zero_rate,tier_medium,quissly_vs_luigisbox,0.085288,0.179104,-0.093817,-0.127932,-0.059701,0.000000,0.000000,True,469,10000,42
ezr,effective_zero_rate,tier_complex,quissly_vs_luigisbox,0.136508,0.612698,-0.476190,-0.533333,-0.419048,0.000000,0.000000,True,315,10000,42
ezr,effective_zero_rate,pooled,quissly_vs_luigisbox,0.073868,0.244639,-0.170770,-0.193805,-0.148531,0.000000,0.000000,True,1259,10000,42
