category,complexity,query
fast-fashion,easy,tank top
fast-fashion,easy,watch
fast-fashion,easy,tie
fast-fashion,easy,dress
fast-fashion,easy,sneakers
fast-fashion,easy,belt
fast-fashion,easy,swim trunks
fast-fashion,easy,mini skirt
fast-fashion,easy,leather jacket
fast-fashion,easy,white shirt
fast-fashion,easy,loafers
fast-fashion,easy,yoga pants
fast-fashion,easy,hat
fast-fashion,easy,pajamas
fast-fashion,easy,jumpsuit
fast-fashion,easy,hoodie
fast-fashion,easy,leggings
fast-fashion,easy,shorts
fast-fashion,easy,beanie
fast-fashion,easy,sports bra
fast-fashion,easy,cardigan
fast-fashion,easy,scarf
fast-fashion,easy,bracelet
fast-fashion,easy,polo shirt
fast-fashion,easy,bomber jacket
fast-fashion,easy,romper
fast-fashion,easy,socks
fast-fashion,easy,gloves
fast-fashion,easy,coat
fast-fashion,easy,jacket
fast-fashion,easy,black dress
fast-fashion,easy,denim jacket
fast-fashion,easy,cap
fast-fashion,easy,trousers
fast-fashion,easy,boots
fast-fashion,easy,suit
fast-fashion,easy,trench coat
fast-fashion,easy,clutch
fast-fashion,easy,sunglasses
fast-fashion,easy,flats
fast-fashion,easy,sandals
fast-fashion,easy,ring
fast-fashion,easy,necklace
fast-fashion,easy,evening gown
fast-fashion,easy,t-shirt
fast-fashion,easy,jeans
fast-fashion,easy,robe
fast-fashion,easy,backpack
fast-fashion,easy,tuxedo
fast-fashion,easy,swimsuit
fast-fashion,easy,pants
fast-fashion,easy,bikini
fast-fashion,easy,maxi dress
fast-fashion,easy,vest
fast-fashion,easy,skirt
fast-fashion,easy,blouse
fast-fashion,easy,tote bag
fast-fashion,easy,sweater
fast-fashion,easy,crop top
fast-fashion,easy,flip flops
fast-fashion,easy,earrings
fast-fashion,easy,heels
fast-fashion,easy,bodysuit
fast-fashion,easy,blue jeans
fast-fashion,easy,running shoes
fast-fashion,easy,blazer
fast-fashion,easy,crossbody bag
fast-fashion,easy,handbag
fast-fashion,medium,men's straight leg corduroys
fast-fashion,medium,women's sterling silver necklace
fast-fashion,medium,men's classic trench coat
fast-fashion,medium,women's satin pajama set
fast-fashion,medium,women's high-waisted shorts
fast-fashion,medium,women's wide leg pants
fast-fashion,medium,women's puffer vest
fast-fashion,medium,men's fleece-lined hoodie
fast-fashion,medium,women's faux fur coat
fast-fashion,medium,men's stretch-fit chinos
fast-fashion,medium,men's crewneck sweatshirt
fast-fashion,medium,women's ribbed knit cardigan
fast-fashion,medium,women's tall yoga pants
fast-fashion,medium,men's relaxed fit cargo pants
fast-fashion,medium,men's quick-dry swim trunks
fast-fashion,medium,men's suede chukka boots
fast-fashion,medium,unisex cotton hoodie
fast-fashion,medium,women's plus size dress
fast-fashion,medium,women's bootcut denim jeans
fast-fashion,medium,men's slim fit jeans
fast-fashion,medium,men's leather belt
fast-fashion,medium,men's flannel shirt
fast-fashion,medium,women's cropped denim jacket
fast-fashion,medium,women's belted shirt dress
fast-fashion,medium,waterproof hiking boots
fast-fashion,medium,women's petite trousers
fast-fashion,medium,women's knee-high boots
fast-fashion,medium,girls' sequin party dress
fast-fashion,medium,men's vintage band shirt
fast-fashion,medium,men's leather biker jacket
fast-fashion,medium,men's v-neck sweater
fast-fashion,medium,men's wool peacoat
fast-fashion,medium,women's floral maxi dress
fast-fashion,medium,men's insulated winter gloves
fast-fashion,medium,men's wool blend trousers
fast-fashion,medium,men's silk dress shirt
fast-fashion,medium,women's silk camisole
fast-fashion,medium,women's sleeveless blouse
fast-fashion,medium,women's pointed toe flats
fast-fashion,medium,men's pinstripe suit jacket
fast-fashion,medium,women's high neck tank
fast-fashion,medium,boys' graphic tee
fast-fashion,medium,women's linen blazer
fast-fashion,medium,men's slim fit polo
fast-fashion,medium,men's waterproof rain jacket
fast-fashion,medium,men's canvas slip-on sneakers
fast-fashion,medium,men's corduroy bomber jacket
fast-fashion,medium,men's regular fit boxer briefs
fast-fashion,medium,women's long sleeve bodysuit
fast-fashion,medium,women's chunky knit sweater
fast-fashion,medium,men's merino wool socks
fast-fashion,medium,women's cotton poplin shirt
fast-fashion,medium,women's wrap mini dress
fast-fashion,medium,women's leather ankle boots
fast-fashion,medium,women's pleated midi skirt
fast-fashion,medium,men's straight fit khakis
fast-fashion,medium,men's cashmere scarf
fast-fashion,medium,women's velvet jumpsuit
fast-fashion,medium,women's platform sandals
fast-fashion,medium,women's oversized graphic tee
fast-fashion,medium,women's crossbody leather bag
fast-fashion,medium,men's leather dress shoes
fast-fashion,medium,women's athletic running shorts
fast-fashion,medium,women's lace trim bralette
fast-fashion,medium,men's thermal henley shirt
fast-fashion,medium,men's denim trucker jacket
fast-fashion,medium,men's athletic fit shorts
fast-fashion,hard,"best belt styles to go with high-waisted, straight-leg jeans"
fast-fashion,hard,"necklace styles that complement a high-neck, sleeveless top"
fast-fashion,hard,what to wear to an outdoor music festival when it might rain
fast-fashion,hard,what kind of top to wear with a pleated midi skirt for the office
fast-fashion,hard,how to build a versatile capsule wardrobe for a minimalist lifestyle
fast-fashion,hard,appropriate and respectful outfit for attending a funeral
fast-fashion,hard,how to find jeans that fit a small waist but larger thighs
fast-fashion,hard,what to wear for a day of sightseeing and walking in Paris
fast-fashion,hard,appropriate attire for a tech conference in San Francisco
fast-fashion,hard,professional yet fashionable outfit for a creative job interview
fast-fashion,hard,how to style wide-leg trousers to look professional and not frumpy
fast-fashion,hard,"how to dress up joggers for a stylish, casual night out"
fast-fashion,hard,stylish and comfortable work-from-home clothes for women under $75
fast-fashion,hard,what color shoes and bag to pair with an emerald green cocktail dress
fast-fashion,hard,"high-quality, non-see-through leggings for yoga under $50"
fast-fashion,hard,what to wear to a winter wedding that is black-tie optional
fast-fashion,hard,chic and practical outfit for running errands on a rainy Saturday
fast-fashion,hard,how to pack a carry-on for a 10-day European trip with mix-and-match outfits
fast-fashion,hard,what color tights to wear with a charcoal grey wool skirt in winter
fast-fashion,hard,flattering and supportive swimwear for a large bust under $100
fast-fashion,hard,designer-inspired handbags that look expensive for under $150
fast-fashion,hard,first day of work outfit for a corporate law firm environment
fast-fashion,hard,what to wear for a weekend trip to the mountains in autumn
fast-fashion,hard,outfit for meeting your significant other's parents for a casual dinner
fast-fashion,hard,the best type of jacket to wear over a floor-length evening gown
fast-fashion,hard,the right kind of outerwear to pair with a sequin jumpsuit
fast-fashion,hard,tie and pocket square combinations for a light grey business suit
fast-fashion,hard,finding a durable leather work tote bag for a laptop under $200
fast-fashion,hard,comfortable yet chic travel shoes for walking on cobblestones under $120
fast-fashion,hard,how to make a casual t-shirt and jeans look more put-together
fast-fashion,hard,the best men's wool winter coats available for under $300
fast-fashion,hard,men's dress shirts that don't require ironing for under $60
fast-fashion,hard,finding stylish maternity work clothes for the office under $80 per item
fast-fashion,hard,what to wear for a casual first date coffee meeting in the fall
fast-fashion,hard,best clothing materials for hot and humid climates to stay cool
fast-fashion,hard,"what style of hat looks best with a long, bohemian-style maxi dress"
fast-fashion,hard,which socks should I wear with ankle boots and cropped pants
fast-fashion,hard,what to wear to a bachelorette party in Las Vegas
fast-fashion,hard,comfortable dress shoes for men who are on their feet all day
fast-fashion,hard,solutions for preventing straps from showing with off-the-shoulder tops
fast-fashion,hard,outfit ideas for a week-long Mediterranean cruise in July
fast-fashion,hard,elegant mother-of-the-bride dresses for a summer garden wedding under $250
fast-fashion,hard,smart casual outfit for a company holiday party at a fancy restaurant
fast-fashion,hard,how to choose outfits that are flattering for a pear-shaped body type
fast-fashion,hard,how to layer clothes for transitional spring weather without looking bulky
electronics,easy,webcam
electronics,easy,headphones
electronics,easy,gaming PC
electronics,easy,action camera
electronics,easy,wireless charger
electronics,easy,smart plug
electronics,easy,security camera
electronics,easy,electric shaver
electronics,easy,video doorbell
electronics,easy,speakers
electronics,easy,turntable
electronics,easy,docking station
electronics,easy,microphone
electronics,easy,hard drive
electronics,easy,VR headset
electronics,easy,DSLR
electronics,easy,gaming console
electronics,easy,smart thermostat
electronics,easy,Blu-ray player
electronics,easy,digital camera
electronics,easy,memory card
electronics,easy,bluetooth speaker
electronics,easy,phone charger
electronics,easy,power supply
electronics,easy,amplifier
electronics,easy,SSD
electronics,easy,television
electronics,easy,phone case
electronics,easy,router
electronics,easy,headset
electronics,easy,USB drive
electronics,easy,mouse
electronics,easy,smart speaker
electronics,easy,ereader
electronics,easy,RAM
electronics,easy,mirrorless camera
electronics,easy,smart TV
electronics,easy,home theater
electronics,easy,printer
electronics,easy,smartphone
electronics,easy,keyboard
electronics,easy,air purifier
electronics,easy,smart light
electronics,easy,streaming device
electronics,easy,soundbar
electronics,easy,projector
electronics,easy,smartwatch
electronics,easy,external drive
electronics,easy,graphics card
electronics,easy,monitor
electronics,easy,gaming keyboard
electronics,easy,digital frame
electronics,easy,fitness tracker
electronics,easy,CPU
electronics,easy,smart lock
electronics,easy,calculator
electronics,easy,battery charger
electronics,easy,earbuds
electronics,easy,GPS
electronics,easy,camera
electronics,easy,laptop
electronics,easy,motherboard
electronics,easy,gaming headset
electronics,easy,gaming mouse
electronics,easy,power bank
electronics,easy,drone
electronics,easy,receiver
electronics,easy,tablet
electronics,medium,waterproof action camera
electronics,medium,portable USB-C monitor
electronics,medium,Dolby Atmos soundbar system
electronics,medium,noise-cancelling sport earbuds
electronics,medium,outdoor security camera
electronics,medium,144Hz gaming monitor
electronics,medium,ECG monitor smartwatch
electronics,medium,refurbished MacBook Pro
electronics,medium,compact point-and-shoot camera
electronics,medium,all-in-one desktop computer
electronics,medium,powerful gaming desktop
electronics,medium,wireless over-ear headphones
electronics,medium,silicone phone grip
electronics,medium,leather iPhone wallet case
electronics,medium,GPS drone with camera
electronics,medium,fanless mini PC
electronics,medium,studio reference monitors
electronics,medium,used business laptop
electronics,medium,wireless gaming headset
electronics,medium,rugged waterproof phone case
electronics,medium,VR headset for PC
electronics,medium,compact bookshelf speakers
electronics,medium,used DSLR camera body
electronics,medium,lightweight travel laptop
electronics,medium,curved ultrawide monitor
electronics,medium,multi-device bluetooth keyboard
electronics,medium,vertical ergonomic mouse
electronics,medium,dual port car charger
electronics,medium,in-ear stage monitors
electronics,medium,haptic feedback gaming chair
electronics,medium,screen protector for Pixel
electronics,medium,4K streaming media player
electronics,medium,4K mirrorless camera
electronics,medium,bone conduction headphones
electronics,medium,Chromebook for students
electronics,medium,mesh WiFi system
electronics,medium,high-speed SD card
electronics,medium,drone for beginners
electronics,medium,smart 4K projector
electronics,medium,used Samsung Galaxy phone
electronics,medium,color smart light bulbs
electronics,medium,14-inch touchscreen laptop
electronics,medium,tenkeyless mechanical keyboard
electronics,medium,high-capacity power bank
electronics,medium,solar-powered power bank
electronics,medium,4K webcam for streaming
electronics,medium,gimbal for smartphone
electronics,medium,MagSafe compatible car mount
electronics,medium,unlocked Google Pixel phone
electronics,medium,fitness tracker for swimming
electronics,medium,refurbished PlayStation 5
electronics,medium,outdoor movie projector
electronics,medium,smartwatch with GPS
electronics,medium,portable party speaker
electronics,medium,universal backlit remote
electronics,medium,backlit mechanical keyboard
electronics,medium,true wireless earbuds
electronics,medium,wireless ergonomic mouse
electronics,medium,waterproof bluetooth speaker
electronics,medium,65-inch OLED TV
electronics,medium,USB-C docking station
electronics,medium,pro gaming controller
electronics,medium,braided USB-C cable
electronics,medium,kids GPS tracker watch
electronics,medium,smart soundbar with Alexa
electronics,medium,hybrid analog smartwatch
electronics,medium,fast wireless charger
electronics,hard,how to best manage and hide cables for a wall-mounted television setup
electronics,hard,what soundbar is best for enhancing dialogue clarity on a Samsung QLED TV
electronics,hard,how to fix crackling audio from my desktop computer speakers
electronics,hard,best value tablet for digital note-taking and reading textbooks under $300
electronics,hard,best web camera for professional video conferencing in a low-light home office under $150
electronics,hard,a smart thermostat that learns my schedule to save on energy bills
electronics,hard,durable waterproof bluetooth speaker for kayaking and beach trips
electronics,hard,most reliable 4K smart TV with HDR support under $700
electronics,hard,lightweight laptop with all-day battery life for a frequent business traveler
electronics,hard,a reliable color laser printer for a small business that needs to print marketing materials
electronics,hard,best smart home hub for unifying devices from different brands like Philips Hue and Ring
electronics,hard,a smart lighting system that integrates with Amazon Alexa for a whole apartment
electronics,hard,solution for digitizing a large collection of old family photo slides
electronics,hard,a compatible high-speed SSD upgrade for a PlayStation 5 console
electronics,hard,complete home office technology setup for a remote graphic designer
electronics,hard,what microphone should I get for my Sony a7IV to record professional-quality interviews
electronics,hard,best way to clean the inside of a dusty desktop PC without damaging components
electronics,hard,best gaming headset with a clear microphone for team communication under $100
electronics,hard,best budget-friendly projector for outdoor movie nights in the backyard under $250
electronics,hard,what's the best method for securely wiping all data from an old hard drive
electronics,hard,portable power station for running small appliances during a camping trip
electronics,hard,device to automatically back up photos from my phone and my partner's phone
electronics,hard,best robot vacuum that can handle pet hair on both carpet and hardwood floors under $400
electronics,hard,best noise-cancelling headphones for studying in a loud college dorm under $150
electronics,hard,how to stop my gaming laptop from thermal throttling during long sessions
electronics,hard,best e-reader with a warm light for reading in bed without eye strain
electronics,hard,solution for connecting a modern laptop with USB-C to an older VGA projector
electronics,hard,how to improve weak Wi-Fi signal across a multi-story home
electronics,hard,what technology is needed for a simple podcasting setup for two people
electronics,hard,high-capacity portable battery pack for charging a laptop and phone on the go
electronics,hard,what device can I use to convert my old vinyl record collection to MP3
electronics,hard,how to extend the battery life on an aging android smartphone
electronics,hard,a complete tech kit for a student starting university in the fall
electronics,hard,ergonomic wireless mouse that works well for people with carpal tunnel syndrome
electronics,hard,a portable and rugged external hard drive for backing up files on location
electronics,hard,a quiet and efficient air purifier for a large open-plan living room
electronics,hard,a durable tablet with a protective case for use on a construction site
electronics,hard,best external monitor to pair with a MacBook Pro for color-accurate photo editing
electronics,hard,best entry-level drone with obstacle avoidance for a beginner under $400
electronics,hard,best security camera system for a home with pets under $500
electronics,hard,which graphics card should I get to go with my AMD Ryzen 7 7800X3D CPU
electronics,hard,entry-level mirrorless camera kit for aspiring vloggers under $1000
electronics,hard,"a wireless charging stand that can power an iPhone, Apple Watch, and AirPods simultaneously"
electronics,hard,best high-refresh-rate gaming monitor to take advantage of an NVIDIA RTX 4080
electronics,hard,what kind of docking station do I need for a Dell XPS to connect to two 4K monitors
cosmetics,easy,dry shampoo
cosmetics,easy,hair mousse
cosmetics,easy,pumice stone
cosmetics,easy,antiperspirant
cosmetics,easy,shampoo
cosmetics,easy,toothpaste
cosmetics,easy,dental floss
cosmetics,easy,bath salts
cosmetics,easy,conditioner
cosmetics,easy,face mask
cosmetics,easy,foot cream
cosmetics,easy,sunscreen
cosmetics,easy,wax strips
cosmetics,easy,eye cream
cosmetics,easy,epilator
cosmetics,easy,mouthwash
cosmetics,easy,cotton pads
cosmetics,easy,hair oil
cosmetics,easy,body scrub
cosmetics,easy,shaving cream
cosmetics,easy,beard balm
cosmetics,easy,hair dye
cosmetics,easy,nail clippers
cosmetics,easy,serum
cosmetics,easy,bubble bath
cosmetics,easy,cleanser
cosmetics,easy,hand cream
cosmetics,easy,face wash
cosmetics,easy,hand sanitizer
cosmetics,easy,hair spray
cosmetics,easy,aftershave
cosmetics,easy,teeth whitening
cosmetics,easy,nail file
cosmetics,easy,tampons
cosmetics,easy,face cream
cosmetics,easy,body wash
cosmetics,easy,lotion
cosmetics,easy,body butter
cosmetics,easy,comb
cosmetics,easy,makeup remover
cosmetics,easy,cologne
cosmetics,easy,lip balm
cosmetics,easy,wet wipes
cosmetics,easy,deodorant
cosmetics,easy,toothbrush
cosmetics,easy,panty liners
cosmetics,easy,loofah
cosmetics,easy,menstrual cup
cosmetics,easy,body spray
cosmetics,easy,razor
cosmetics,easy,hair gel
cosmetics,easy,soap
cosmetics,easy,bath bomb
cosmetics,easy,perfume
cosmetics,easy,toner
cosmetics,easy,tweezers
cosmetics,easy,acne treatment
cosmetics,easy,cotton swabs
cosmetics,easy,baby powder
cosmetics,easy,hair mask
cosmetics,easy,hair brush
cosmetics,easy,shower gel
cosmetics,easy,moisturizer
cosmetics,easy,pads
cosmetics,easy,beard oil
cosmetics,easy,sanitary pads
cosmetics,easy,trimmer
cosmetics,easy,micellar water
cosmetics,medium,long-lasting floral perfume
cosmetics,medium,volumizing mousse for fine hair
cosmetics,medium,sensitive teeth enamel repair
cosmetics,medium,sandalwood beard oil
cosmetics,medium,unscented body lotion for eczema
cosmetics,medium,temporary root touch-up
cosmetics,medium,aluminum-free deodorant for men
cosmetics,medium,vanilla scented body mist
cosmetics,medium,disposable razors for women
cosmetics,medium,gentle whitening teeth strips
cosmetics,medium,charcoal toothpaste for stains
cosmetics,medium,shimmer body oil spray
cosmetics,medium,cooling gel eye patches
cosmetics,medium,tinted moisturizer with SPF
cosmetics,medium,cooling aloe vera gel
cosmetics,medium,unscented beard balm
cosmetics,medium,soothing aftershave balm
cosmetics,medium,semi-permanent red hair dye
cosmetics,medium,men's electric foil shaver
cosmetics,medium,cracked heel repair balm
cosmetics,medium,purple shampoo for blondes
cosmetics,medium,hyaluronic acid eye cream
cosmetics,medium,retinol serum for beginners
cosmetics,medium,exfoliating body wash scrub
cosmetics,medium,strong hold hair gel
cosmetics,medium,nourishing hair growth oil
cosmetics,medium,heat protectant spray
cosmetics,medium,ceramide barrier repair cream
cosmetics,medium,cruelty-free makeup setting spray
cosmetics,medium,peptide firming serum
cosmetics,medium,oil-free matte foundation
cosmetics,medium,waterproof eye makeup remover
cosmetics,medium,travel size body wash
cosmetics,medium,lavender Epsom bath salts
cosmetics,medium,moisturizing bar soap
cosmetics,medium,fluoride-free whitening toothpaste
cosmetics,medium,clarifying shampoo for buildup
cosmetics,medium,deep conditioner for damaged hair
cosmetics,medium,niacinamide serum for redness
cosmetics,medium,vitamin C glow serum
cosmetics,medium,dry shampoo for dark hair
cosmetics,medium,clay mask for pores
cosmetics,medium,pre-shave oil for men
cosmetics,medium,sensitive skin shaving cream
cosmetics,medium,anti-aging night cream
cosmetics,medium,hydrating cleanser for dry skin
cosmetics,medium,oil-absorbing face moisturizer
cosmetics,medium,shea butter hand cream
cosmetics,medium,co-wash for curly hair
cosmetics,medium,sulfate-free shampoo for curls
cosmetics,medium,leave-in conditioner spray
cosmetics,medium,expanding dental floss tape
cosmetics,medium,salicylic acid face wash
cosmetics,medium,natural insect repellent spray
cosmetics,medium,gentle cleanser for sensitive skin
cosmetics,medium,matte finish red lipstick
cosmetics,medium,argan oil hair serum
cosmetics,medium,firming body cellulite cream
cosmetics,medium,mineral SPF 50 sunscreen
cosmetics,medium,anti-dandruff scalp treatment
cosmetics,medium,lengthening waterproof mascara
cosmetics,medium,exfoliating facial scrub
cosmetics,medium,fragrance-free body lotion
cosmetics,medium,alcohol-free antiseptic mouthwash
cosmetics,medium,oil-free gel moisturizer
cosmetics,medium,ingrown hair treatment pads
cosmetics,medium,glycolic acid toner pads
cosmetics,hard,a complete skincare travel kit for a two-week trip with long-haul flights
cosmetics,hard,exfoliating body lotion for keratosis pilaris on the back of my arms
cosmetics,hard,vitamin C serum to fade post-inflammatory hyperpigmentation on dark skin tones
cosmetics,hard,makeup setting spray to keep makeup from melting during an all-day outdoor summer festival
cosmetics,hard,how to repair heat-damaged fine hair without making it greasy
cosmetics,hard,what cleanser is best to use while on a prescription retinoid like tretinoin
cosmetics,hard,skincare routine for a healthcare worker wearing a mask for 12-hour shifts
cosmetics,hard,"large bottle of sulfate-free shampoo for oily, color-treated hair under $20"
cosmetics,hard,"a rich, nourishing night cream for very dry, mature skin under $40"
cosmetics,hard,purple shampoo to reduce brassiness in blonde highlighted hair under $20
cosmetics,hard,shampoo and conditioner to extend the life of a professional keratin smoothing treatment
cosmetics,hard,effective skincare routine for treating hormonal acne along the jawline
cosmetics,hard,how to create a shaving routine to prevent razor burn on my sensitive neck
cosmetics,hard,"hair styling cream to control frizz and flyaways during rainy, humid weather"
cosmetics,hard,nail strengthener for brittle nails after removing gel polish
cosmetics,hard,high-SPF mineral body sunscreen for eczema-prone skin under $25
cosmetics,hard,heat protectant spray designed to use with a flat iron on color-treated hair
cosmetics,hard,toothpaste for sensitive teeth that also has effective whitening properties
cosmetics,hard,eye makeup remover that is safe for waterproof mascara and eyelash extensions
cosmetics,hard,which body wash should I use with an exfoliating body scrub to prevent ingrown hairs
cosmetics,hard,a facial sunscreen that can be easily reapplied over a full face of makeup
cosmetics,hard,"sophisticated, long-lasting perfume for a formal black-tie wedding"
cosmetics,hard,moisturizer that won't pill when layered with niacinamide and azelaic acid
cosmetics,hard,vegan and cruelty-free deep conditioning hair mask for curly hair under $15
cosmetics,hard,intensely soothing and cooling after-sun lotion for a painful sunburn
cosmetics,hard,gentle baby shampoo and body wash for a newborn with sensitive skin and cradle cap
cosmetics,hard,what kind of aftershave balm is best to use after shaving with a straight razor
cosmetics,hard,"hydrating lip balm with SPF 30+ to heal chronically chapped, peeling lips"
cosmetics,hard,complete beginner's skincare routine for oily skin with all products under $50
cosmetics,hard,a bold red lipstick that will last through a multi-course dinner party
cosmetics,hard,best non-comedogenic moisturizer for acne-prone combination skin in the winter
cosmetics,hard,"drugstore hydrating foundation for mature, dry skin under $15"
cosmetics,hard,"daily grooming routine for a man working in a dry, air-conditioned corporate office"
cosmetics,hard,"how to fix dehydrated, sensitive skin with rosacea"
cosmetics,hard,"lightweight, non-greasy moisturizer for my face to use in a hot and humid climate"
cosmetics,hard,effective anti-aging retinol serum for a beginner under $30
cosmetics,hard,hydrating serum to layer underneath a high-potency vitamin C serum in the morning
cosmetics,hard,beard oil to soften a coarse beard and prevent underlying skin dryness
cosmetics,hard,sweat-proof and transfer-proof foundation for an intense outdoor workout session
cosmetics,hard,skincare products to minimize the appearance of large pores and blackheads on the nose
cosmetics,hard,face oil that wears well under a silicone-based full-coverage foundation
cosmetics,hard,clarifying shampoo to remove chlorine and salt water build-up after a beach vacation
cosmetics,hard,natural deodorant that actually works for stress-induced sweat
cosmetics,hard,gentle eye cream that helps with genetic dark circles and milia
cosmetics,hard,remedies for a flaky and itchy scalp without using harsh sulfates
pharmacy,easy,Prilosec
pharmacy,easy,Claritin
pharmacy,easy,Zoloft
pharmacy,easy,Loratadine
pharmacy,easy,nicotine gum
pharmacy,easy,decongestant
pharmacy,easy,statins
pharmacy,easy,first aid
pharmacy,easy,Cetirizine
pharmacy,easy,eye drops
pharmacy,easy,Tums
pharmacy,easy,Sudafed
pharmacy,easy,Neosporin
pharmacy,easy,Pepcid
pharmacy,easy,sleep aid
pharmacy,easy,Tylenol
pharmacy,easy,Lisinopril
pharmacy,easy,Vitamin D
pharmacy,easy,melatonin
pharmacy,easy,gas relief
pharmacy,easy,Metformin
pharmacy,easy,sunscreen
pharmacy,easy,nasal spray
pharmacy,easy,penicillin
pharmacy,easy,antihistamine
pharmacy,easy,naproxen
pharmacy,easy,Omeprazole
pharmacy,easy,atorvastatin
pharmacy,easy,Pepto-Bismol
pharmacy,easy,antidepressants
pharmacy,easy,amoxicillin
pharmacy,easy,laxative
pharmacy,easy,antifungal cream
pharmacy,easy,insulin
pharmacy,easy,aspirin
pharmacy,easy,sertraline
pharmacy,easy,acetaminophen
pharmacy,easy,birth control
pharmacy,easy,fish oil
pharmacy,easy,anti-diarrhea
pharmacy,easy,calcium
pharmacy,easy,antibiotics
pharmacy,easy,Allegra
pharmacy,easy,Vitamin C
pharmacy,easy,cough syrup
pharmacy,easy,eczema cream
pharmacy,easy,prenatal vitamins
pharmacy,easy,pain relief
pharmacy,easy,probiotics
pharmacy,easy,B12 vitamin
pharmacy,easy,Benadryl
pharmacy,easy,Viagra
pharmacy,easy,acne cream
pharmacy,easy,hydrocortisone
pharmacy,easy,antacid
pharmacy,easy,flu shot
pharmacy,easy,cold medicine
pharmacy,easy,Lipitor
pharmacy,easy,multivitamin
pharmacy,easy,iron supplement
pharmacy,easy,allergy pills
pharmacy,easy,ibuprofen
pharmacy,easy,Zyrtec
pharmacy,easy,Imodium
pharmacy,easy,Aleve
pharmacy,easy,Prozac
pharmacy,easy,motion sickness
pharmacy,easy,Advil
pharmacy,medium,severe flu relief capsules
pharmacy,medium,daily fiber supplement powder
pharmacy,medium,rapid release gel caps
pharmacy,medium,fast-acting antacid tablets
pharmacy,medium,B12 sublingual tablets
pharmacy,medium,high potency fish oil
pharmacy,medium,fast-acting headache relief
pharmacy,medium,fast-dissolve sleep tablets
pharmacy,medium,motion sickness patches
pharmacy,medium,probiotic for women's health
pharmacy,medium,melatonin 10mg tablets
pharmacy,medium,kids' chewable multivitamins
pharmacy,medium,children's liquid ibuprofen
pharmacy,medium,vitamin D3 5000 IU
pharmacy,medium,wart remover freeze kit
pharmacy,medium,children's fever reducer
pharmacy,medium,triple antibiotic ointment
pharmacy,medium,nighttime cold and flu
pharmacy,medium,calcium with vitamin D
pharmacy,medium,coated aspirin 81mg
pharmacy,medium,low dose daily aspirin
pharmacy,medium,sore throat numbing spray
pharmacy,medium,extra strength acetaminophen
pharmacy,medium,gummy melatonin for adults
pharmacy,medium,multi-symptom flu powder
pharmacy,medium,glucosamine chondroitin complex
pharmacy,medium,iron supplement for women
pharmacy,medium,itchy eye relief drops
pharmacy,medium,kids' probiotic chewables
pharmacy,medium,nicotine replacement gum 2mg
pharmacy,medium,hydrocortisone cream 1%
pharmacy,medium,gas relief softgels
pharmacy,medium,maximum strength muscle rub
pharmacy,medium,women's daily multivitamin
pharmacy,medium,natural herbal sleep aid
pharmacy,medium,men's 50+ multivitamin
pharmacy,medium,sugar-free fiber gummies
pharmacy,medium,burn relief cooling gel
pharmacy,medium,nasal allergy relief spray
pharmacy,medium,24-hour allergy relief
pharmacy,medium,non-drowsy allergy pills
pharmacy,medium,yeast infection 3-day treatment
pharmacy,medium,joint support turmeric supplement
pharmacy,medium,acne treatment spot cream
pharmacy,medium,prenatal vitamins with DHA
pharmacy,medium,ear wax removal kit
pharmacy,medium,once-daily heartburn pill
pharmacy,medium,gentle overnight laxative
pharmacy,medium,chewable vitamin C 500mg
pharmacy,medium,contact lens rewetting drops
pharmacy,medium,diaper rash zinc oxide
pharmacy,medium,anti-diarrhea liquid medicine
pharmacy,medium,sugar-free cough drops
pharmacy,medium,flexible fabric bandages
pharmacy,medium,anti-itch hydrocortisone spray
pharmacy,medium,dry eye relief drops
pharmacy,medium,eczema relief body lotion
pharmacy,medium,vegan omega-3 supplement
pharmacy,medium,children's allergy syrup
pharmacy,medium,athlete's foot antifungal spray
pharmacy,medium,sterile gauze pads
pharmacy,medium,arthritis pain relief cream
pharmacy,medium,saline nasal rinse kit
pharmacy,medium,waterproof adhesive bandages
pharmacy,medium,hemorrhoid relief cream
pharmacy,medium,liquid bandage for cuts
pharmacy,medium,indoor outdoor allergy pills
pharmacy,hard,most effective over-the-counter treatment for recurring fungal nail infections
pharmacy,hard,what to pack in a medical kit for a beach vacation with kids
pharmacy,hard,best value bulk bottle of ibuprofen for a family under $18
pharmacy,hard,medicine for a migraine that won't cause rebound headaches
pharmacy,hard,a gentle laxative for occasional constipation that works overnight without cramping
pharmacy,hard,effective athlete's foot spray for use in gym showers under $10
pharmacy,hard,what to take for a tension headache caused by staring at a computer screen all day
pharmacy,hard,eye drops for severe digital eye strain that are safe for contact lens wearers
pharmacy,hard,immune support supplement to take before traveling internationally
pharmacy,hard,best children's chewable multivitamin for a picky eater under $15
pharmacy,hard,ointment for reducing the appearance of a scar from a recent minor surgery
pharmacy,hard,antacid that won't interfere with the absorption of my iron supplement
pharmacy,hard,low-cost lubricating eye drops for chronic dry eye under $12
pharmacy,hard,topical analgesic cream for arthritis pain in my hands that isn't greasy
pharmacy,hard,is it safe to take an antihistamine with my daily antidepressant
pharmacy,hard,a gentle skin moisturizer to use with a prescription acne treatment that dries my face
pharmacy,hard,sleep aid that helps me stay asleep all night but won't cause morning grogginess
pharmacy,hard,long-lasting nasal decongestant for a stuffy nose during a long work meeting
pharmacy,hard,allergy medicine for severe seasonal symptoms when I have to give a presentation
pharmacy,hard,nasal spray for sinus congestion that won't make me feel jittery
pharmacy,hard,best deal on a 90-day supply of high-potency omega-3 fish oil capsules under $35
pharmacy,hard,a bottle of children's liquid fever reducer for under $8
pharmacy,hard,what can I use to soothe a painful canker sore on the inside of my lip
pharmacy,hard,herbal supplement to help with focus that won't interact with my anxiety medication
pharmacy,hard,non-drowsy motion sickness patch for a 12-hour flight
pharmacy,hard,non-caffeinated headache relief for a migraine I get in the evenings
pharmacy,hard,fast-acting relief for severe acid reflux that I can buy without a prescription
pharmacy,hard,pain reliever for menstrual cramps that doesn't contain aspirin
pharmacy,hard,what cold medicine is safe to take with my high blood pressure medication
pharmacy,hard,pain reliever for muscle soreness after an intense gym workout
pharmacy,hard,medication to prevent traveler's diarrhea for a trip to Central America
pharmacy,hard,treatment for painful gas and bloating after eating beans and cruciferous vegetables
pharmacy,hard,a calcium supplement that is easy to absorb for someone over 60
pharmacy,hard,sugar-free cough drops suitable for a person with diabetes
pharmacy,hard,affordable generic version of Prilosec for daily heartburn under $15
pharmacy,hard,"digestive enzyme to take before eating a large, fatty meal at a restaurant"
pharmacy,hard,medication to stop acute diarrhea without causing constipation afterwards
pharmacy,hard,what kind of painkiller can I take if I have a sensitive stomach and GERD
pharmacy,hard,first-aid antiseptic spray for a hiking and camping trip
pharmacy,hard,"children's cough syrup for a dry, hacking cough that's safe for a 4-year-old"
pharmacy,hard,best vitamin D drops to go with a calcium chew for better bone density support
pharmacy,hard,cheap but effective hydrocortisone cream for insect bites under $7
pharmacy,hard,a probiotic supplement to restore gut health after a course of antibiotics
pharmacy,hard,best over-the-counter allergy pills for a month's supply under $20
pharmacy,hard,a month's supply of a daily fiber supplement that dissolves easily for under $25
furniture,easy,plant stand
furniture,easy,console table
furniture,easy,standing desk
furniture,easy,sideboard
furniture,easy,buffet
furniture,easy,hutch
furniture,easy,mattress
furniture,easy,stool
furniture,easy,outdoor chair
furniture,easy,counter stool
furniture,easy,kitchen island
furniture,easy,bedroom set
furniture,easy,cabinet
furniture,easy,side table
furniture,easy,armoire
furniture,easy,shelving unit
furniture,easy,desk
furniture,easy,coffee table
furniture,easy,bed frame
furniture,easy,chair
furniture,easy,outdoor table
furniture,easy,computer desk
furniture,easy,patio set
furniture,easy,ottoman
furniture,easy,bookcase
furniture,easy,dining chair
furniture,easy,chaise lounge
furniture,easy,adirondack chair
furniture,easy,office shelf
furniture,easy,bench
furniture,easy,entry table
furniture,easy,hammock
furniture,easy,room divider
furniture,easy,nightstand
furniture,easy,dining set
furniture,easy,office chair
furniture,easy,bar stool
furniture,easy,dresser
furniture,easy,kitchen chair
furniture,easy,storage bench
furniture,easy,bed
furniture,easy,accent chair
furniture,easy,dining table
furniture,easy,patio sofa
furniture,easy,wardrobe
furniture,easy,bookshelf
furniture,easy,footstool
furniture,easy,headboard
furniture,easy,vanity table
furniture,easy,couch
furniture,easy,loveseat
furniture,easy,futon
furniture,easy,recliner
furniture,easy,coat rack
furniture,easy,china cabinet
furniture,easy,media console
furniture,easy,bunk bed
furniture,easy,end table
furniture,easy,filing cabinet
furniture,easy,tv stand
furniture,easy,kitchen table
furniture,easy,vanity
furniture,easy,sofa
furniture,easy,armchair
furniture,easy,chest
furniture,easy,daybed
furniture,easy,table
furniture,medium,swivel bar stools
furniture,medium,sleeper sofa bed
furniture,medium,convertible futon couch
furniture,medium,faux leather ottoman
furniture,medium,distressed pine nightstand
furniture,medium,extendable dining table
furniture,medium,travertine coffee table
furniture,medium,counter height table
furniture,medium,outdoor weatherproof bench
furniture,medium,L-shaped office desk
furniture,medium,adjustable height desk
furniture,medium,vintage metal cart
furniture,medium,modular sectional sofa
furniture,medium,kitchen island cart
furniture,medium,armoire with mirror
furniture,medium,childrens storage bench
furniture,medium,glass top desk
furniture,medium,drop-leaf kitchen table
furniture,medium,low profile sectional
furniture,medium,like new bookshelf
furniture,medium,boys loft bed
furniture,medium,walnut dining table
furniture,medium,queen size sleigh bed
furniture,medium,black leather sofa
furniture,medium,rocking nursery glider
furniture,medium,lift top coffee table
furniture,medium,vintage writing desk
furniture,medium,sofa with chaise
furniture,medium,chrome frame bookshelf
furniture,medium,small apartment sofa
furniture,medium,stackable dining chairs
furniture,medium,velvet swivel chair
furniture,medium,nightstand with USB
furniture,medium,marble top console
furniture,medium,small velvet settee
furniture,medium,modern glass desk
furniture,medium,white wood crib
furniture,medium,girls vanity set
furniture,medium,rattan patio set
furniture,medium,U-shaped kitchen banquette
furniture,medium,large leather ottoman
furniture,medium,nesting coffee tables
furniture,medium,desk with hutch
furniture,medium,narrow entryway table
furniture,medium,bar height pub set
furniture,medium,boucle accent chair
furniture,medium,bed with storage
furniture,medium,rustic farmhouse table
furniture,medium,twin loft bed
furniture,medium,mid-century credenza
furniture,medium,bookcase with ladder
furniture,medium,brass finish end-table
furniture,medium,wall-mounted media console
furniture,medium,linen upholstered headboard
furniture,medium,mango wood dresser
furniture,medium,oversized club chair
furniture,medium,solid oak sideboard
furniture,medium,king platform bed
furniture,medium,extra long console
furniture,medium,used office chair
furniture,medium,deep seat armchair
furniture,medium,floating nightstand drawer
furniture,medium,electric fireplace console
furniture,medium,antique vanity table
furniture,medium,power reclining loveseat
furniture,medium,reclaimed wood bench
furniture,medium,woven wicker rocker
furniture,hard,outdoor bistro set for a small apartment balcony under $150
furniture,hard,lightweight patio set that is easy to move and store during winter
furniture,hard,sectional sofa with fully removable and machine-washable cushion covers
furniture,hard,professional-grade conference table with built-in power outlets for a corporate meeting room
furniture,hard,comfortable high-back armchair with good lumbar support for a cozy reading nook
furniture,hard,convertible crib that transforms into a toddler bed for a growing child
furniture,hard,extendable dining table for hosting large holiday dinners of ten or more people
furniture,hard,durable and weatherproof dining table for an unsheltered outdoor deck
furniture,hard,low-maintenance outdoor lounge chairs for a chlorinated poolside area
furniture,hard,storage bench to go at the foot of a king-sized upholstered bed
furniture,hard,modular shelving unit that can be expanded over time as my collection grows
furniture,hard,set of dining chairs that perfectly match a reclaimed wood farmhouse table
furniture,hard,compact writing desk for a student's small dormitory room
furniture,hard,"deep-seated, comfortable sectional for family movie nights in the basement"
furniture,hard,full-length wardrobe with sliding mirror doors and internal organizers under $500
furniture,hard,bunk bed with a trundle for a kid's room to accommodate sleepovers
furniture,hard,stylish TV stand for a 65-inch television with closed storage under $200
furniture,hard,height-adjustable standing desk converter for an existing office setup
furniture,hard,low-profile media console to go under a wall-mounted 75-inch TV
furniture,hard,velvet accent chair in a jewel tone to complement a navy blue chesterfield sofa
furniture,hard,multi-functional ottoman with hidden storage for a small living room
furniture,hard,"elegant vanity table with bright, dimmable lighting for a makeup artist's studio"
furniture,hard,set of four upholstered dining chairs for a small kitchen under $250
furniture,hard,large L-shaped computer desk for a dual-monitor home office setup under $300
furniture,hard,multi-drawer horizontal dresser for a master bedroom under $350
furniture,hard,electric reclining armchair with USB charging ports and cup holders under $600
furniture,hard,comfortable sleeper sofa with a memory foam mattress for a guest room under $800
furniture,hard,apartment sofa that can fit through a narrow 30-inch doorway
furniture,hard,formal china cabinet with glass doors for displaying heirlooms in a dining room
furniture,hard,childproof bookshelf with rounded edges and an anti-tip kit included
furniture,hard,sound-absorbing room divider for an open-concept loft apartment
furniture,hard,ergonomic office chair to help with lower back pain
furniture,hard,stain-resistant fabric armchair for a family with young children
furniture,hard,modern round coffee table to soften the look of a boxy living room with angular furniture
furniture,hard,bookshelf that fits into the awkward alcove next to a brick fireplace
furniture,hard,entryway cabinet with ventilated doors for shoe storage to prevent odor
furniture,hard,solid wood queen bed frame with a tall headboard under $400
furniture,hard,narrow console table to place behind a long sectional couch against a wall
furniture,hard,scratch-proof coffee table safe for homes with cats and dogs
furniture,hard,kitchen island stools that tuck completely underneath the counter overhang
furniture,hard,bed frame with reinforced center support for a heavy memory foam mattress
furniture,hard,pair of nightstands that are the right height for a tall pillow-top mattress
furniture,hard,portable and foldable massage table for a mobile physical therapist
furniture,hard,tall corner bookshelf for maximizing storage in a small apartment under $120
furniture,hard,sideboard cabinet that coordinates with a mid-century modern dining set
marketplace,easy,sneakers
marketplace,easy,blanket
marketplace,easy,drone
marketplace,easy,earrings
marketplace,easy,dumbbell
marketplace,easy,puzzle
marketplace,easy,keyboard
marketplace,easy,books
marketplace,easy,vinyl record
marketplace,easy,lego
marketplace,easy,perfume
marketplace,easy,vase
marketplace,easy,blender
marketplace,easy,tablet
marketplace,easy,mouse
marketplace,easy,water bottle
marketplace,easy,scarf
marketplace,easy,wallet
marketplace,easy,pillow
marketplace,easy,hat
marketplace,easy,sunglasses
marketplace,easy,headphones
marketplace,easy,lotion
marketplace,easy,handbag
marketplace,easy,makeup
marketplace,easy,gloves
marketplace,easy,sofa
marketplace,easy,boots
marketplace,easy,soap
marketplace,easy,hoodie
marketplace,easy,plant pot
marketplace,easy,lamp
marketplace,easy,action figure
marketplace,easy,t-shirt
marketplace,easy,jacket
marketplace,easy,comics
marketplace,easy,backpack
marketplace,easy,guitar
marketplace,easy,smartphone
marketplace,easy,plates
marketplace,easy,picture frame
marketplace,easy,mirror
marketplace,easy,keychain
marketplace,easy,camera
marketplace,easy,tent
marketplace,easy,coffee maker
marketplace,easy,yarn
marketplace,easy,cutlery
marketplace,easy,laptop
marketplace,easy,watch
marketplace,easy,charger
marketplace,easy,yoga mat
marketplace,easy,chair
marketplace,easy,television
marketplace,easy,jeans
marketplace,easy,dress
marketplace,easy,candles
marketplace,easy,fabric
marketplace,easy,poster
marketplace,easy,paint
marketplace,easy,speakers
marketplace,easy,coffee mug
marketplace,easy,table
marketplace,easy,necklace
marketplace,easy,board game
marketplace,easy,notebook
marketplace,easy,rug
marketplace,easy,bicycle
marketplace,medium,heavy duty toolbox
marketplace,medium,rustic dining table
marketplace,medium,indoor ceramic planter
marketplace,medium,vintage denim shorts
marketplace,medium,men's leather jacket
marketplace,medium,rose gold watch
marketplace,medium,refurbished apple ipad
marketplace,medium,men's golf club set
marketplace,medium,large area rug
marketplace,medium,men's large flannel shirt
marketplace,medium,down-filled winter jacket
marketplace,medium,foldable camping chair
marketplace,medium,4k smart television
marketplace,medium,cordless power drill
marketplace,medium,full-size keyboard piano
marketplace,medium,black metal mirror
marketplace,medium,linen curtain panels
marketplace,medium,sterling silver necklace
marketplace,medium,unisex cotton hoodie
marketplace,medium,vintage pyrex dish
marketplace,medium,10-inch tablet computer
marketplace,medium,mid-century modern chair
marketplace,medium,stainless steel tumbler
marketplace,medium,used adult bicycle
marketplace,medium,framed abstract art
marketplace,medium,solid wood coffee table
marketplace,medium,three-drawer wood dresser
marketplace,medium,portable power bank
marketplace,medium,adjustable office chair
marketplace,medium,ikea kallax shelf unit
marketplace,medium,like new baby stroller
marketplace,medium,newborn cotton onesies
marketplace,medium,portable air conditioner
marketplace,medium,sony mirrorless camera
marketplace,medium,electric bass guitar
marketplace,medium,smart home hub
marketplace,medium,women's size 7 boots
marketplace,medium,2 person camping tent
marketplace,medium,walnut vinyl record stand
marketplace,medium,50L hiking backpack
marketplace,medium,girls' winter coat
marketplace,medium,black leather backpack
marketplace,medium,women's wool coat
marketplace,medium,hardcover fiction books
marketplace,medium,electric coffee grinder
marketplace,medium,glass food storage containers
marketplace,medium,portable propane grill
marketplace,medium,ceramic dinner plate set
marketplace,medium,twin size mattress
marketplace,medium,waterproof hiking boots
marketplace,medium,adjustable dumbbell set
marketplace,medium,27-inch gaming monitor
marketplace,medium,velvet accent chair
marketplace,medium,silk floral scarf
marketplace,medium,queen size bed frame
marketplace,medium,bamboo cutting board
marketplace,medium,antique table lamp
marketplace,medium,used acoustic guitar
marketplace,medium,women's linen pants
marketplace,medium,inflatable paddle board
marketplace,medium,wireless bluetooth headphones
marketplace,medium,boys' size 8 sneakers
marketplace,medium,cast iron skillet pan
marketplace,medium,noise-cancelling earbuds
marketplace,medium,non-stick cookware set
marketplace,medium,small wooden desk
marketplace,medium,genuine leather belt
marketplace,hard,what can I use to block out my neighbor's barking dog so I can sleep
marketplace,hard,thoughtful anniversary gift for my husband for under $100
marketplace,hard,something to relieve my wrist pain from using a computer all day
marketplace,hard,find me a reliable robot vacuum for pet hair under $300
marketplace,hard,baby shower gift for a new mom for under $40
marketplace,hard,looking for an outdoor security camera system for under $300
marketplace,hard,gear needed for a multi-day backpacking trip in the mountains
marketplace,hard,what monitor should I get to pair with a new MacBook Pro for video editing
marketplace,hard,what kind of microphone do I need to start a podcast with my laptop
marketplace,hard,what wine glasses should I get to go with my new collection of red wines
marketplace,hard,I need a graduation gift for a college student under $50
marketplace,hard,"I just bought a standing desk, what kind of anti-fatigue mat should I get"
marketplace,hard,what throw pillows and blanket would complement a navy blue sectional
marketplace,hard,what kind of soundbar would improve the audio on my TCL Roku TV
marketplace,hard,what kind of curtains would match light gray walls and dark wood floors
marketplace,hard,"I have a new charcoal grill, what tools do I need to go with it"
marketplace,hard,how to organize my messy garage with limited space
marketplace,hard,I need to make my small balcony more private and cozy
marketplace,hard,find a durable and safe car seat for a toddler under $250
marketplace,hard,what's the best way to remove stubborn pet stains from a light-colored carpet
marketplace,hard,appropriate housewarming gift for a couple who has everything
marketplace,hard,"my wifi signal is too weak in my bedroom, what can I buy to boost it"
marketplace,hard,"my plants keep dying, I need a foolproof indoor gardening system"
marketplace,hard,outfit for a casual outdoor summer wedding
marketplace,hard,what are some essential accessories for a new Instant Pot
marketplace,hard,decor for a minimalist and serene master bedroom retreat
marketplace,hard,durable and chew-proof toys for a large-breed dog
marketplace,hard,"I'm always cold in my office, what's a good personal space heater"
marketplace,hard,essential kitchen tools for someone learning how to bake bread
marketplace,hard,find me a comfortable and stylish pair of walking shoes for under $80
marketplace,hard,what kind of area rug goes with a brown leather sofa
marketplace,hard,looking for a high-quality chef's knife for under $75
marketplace,hard,a complete beginner's home workout equipment set for under $200
marketplace,hard,a portable power station for off-grid camping and emergencies
marketplace,hard,I need a complete dinnerware set for my first apartment
marketplace,hard,professional attire for a business conference in a hot climate
marketplace,hard,"a fun, educational board game for family game night with teenagers"
marketplace,hard,what kind of art would look good above a mid-century modern credenza
marketplace,hard,"my tap water tastes bad, what's the best filter pitcher to fix it"
marketplace,hard,how to keep my coffee hot all morning during my commute
marketplace,hard,best noise-cancelling headphones for studying for under $150
marketplace,hard,what can I buy to help me organize the trunk of my messy car
marketplace,hard,I need a care package for a friend recovering from surgery
marketplace,hard,how can I childproof my living room with sharp-cornered furniture
marketplace,hard,find a non-toxic and eco-friendly yoga mat for under $60
auto,easy,gaskets
auto,easy,wheel bearing
auto,easy,control arm
auto,easy,filters
auto,easy,suspension
auto,easy,condenser
auto,easy,motor oil
auto,easy,brake fluid
auto,easy,struts
auto,easy,clutch kit
auto,easy,catalytic converter
auto,easy,AC compressor
auto,easy,muffler
auto,easy,wiper blades
auto,easy,lug nuts
auto,easy,spark plugs
auto,easy,flywheel
auto,easy,brake drum
auto,easy,calipers
auto,easy,side mirror
auto,easy,oil filter
auto,easy,heater core
auto,easy,steering
auto,easy,battery
auto,easy,EGR valve
auto,easy,power steering
auto,easy,brake rotors
auto,easy,master cylinder
auto,easy,air filter
auto,easy,tie rod
auto,easy,engine mount
auto,easy,door handle
auto,easy,starter
auto,easy,serpentine belt
auto,easy,brakes
auto,easy,lighting
auto,easy,cabin filter
auto,easy,relays
auto,easy,fuses
auto,easy,shocks
auto,easy,blower motor
auto,easy,hoses
auto,easy,exhaust
auto,easy,oil pan
auto,easy,axle
auto,easy,radiator
auto,easy,hub assembly
auto,easy,transmission fluid
auto,easy,ignition coil
auto,easy,thermostat
auto,easy,timing belt
auto,easy,bulbs
auto,easy,steering rack
auto,easy,ball joint
auto,easy,headlights
auto,easy,tail lights
auto,easy,sway bar
auto,easy,gas cap
auto,easy,fuel filter
auto,easy,oxygen sensor
auto,easy,belts
auto,easy,fuel pump
auto,easy,brake shoes
auto,easy,CV axle
auto,easy,coolant
auto,easy,brake pads
auto,easy,water pump
auto,easy,alternator
auto,medium,remanufactured starter motor
auto,medium,heavy duty ball joints
auto,medium,16-inch steel rims
auto,medium,AGM deep cycle battery
auto,medium,DOT 5 silicone fluid
auto,medium,full synthetic gear oil
auto,medium,aftermarket oxygen sensor
auto,medium,universal joint cross reference
auto,medium,leather shift knob
auto,medium,carbon fiber spoiler
auto,medium,remanufactured AC compressor
auto,medium,24-inch wiper blades
auto,medium,high-flow catalytic converter
auto,medium,new timing belt kit
auto,medium,washable engine air filter
auto,medium,digital tire pressure gauge
auto,medium,adjustable coilover suspension
auto,medium,18 inch all-season tires
auto,medium,Honda Civic seat covers
auto,medium,passenger side tail light
auto,medium,heavy-duty truck shocks
auto,medium,forged aluminum pistons
auto,medium,new alternator for Honda
auto,medium,synthetic 5W-30 oil
auto,medium,red silicone vacuum hose
auto,medium,100 amp car alternator
auto,medium,K&N air filter cleaner
auto,medium,12v car battery
auto,medium,drilled and slotted rotors
auto,medium,universal roof rack
auto,medium,stainless steel exhaust system
auto,medium,universal mud flaps
auto,medium,heavy-duty serpentine belt
auto,medium,DOT 4 brake fluid
auto,medium,slotted performance rotors
auto,medium,four-piston brake caliper
auto,medium,Ford F150 grille
auto,medium,BMW 3 series radiator
auto,medium,ceramic brake pads
auto,medium,Jeep Wrangler fender flares
auto,medium,new transmission solenoid kit
auto,medium,new OEM fuel pump
auto,medium,silicone radiator hoses
auto,medium,performance cold air intake
auto,medium,17-inch aluminum wheels
auto,medium,dual exhaust muffler
auto,medium,iridium spark plugs
auto,medium,steel braided brake lines
auto,medium,Bosch platinum spark plugs
auto,medium,high-output ignition coil
auto,medium,high-torque starter motor
auto,medium,adjustable fuel pressure regulator
auto,medium,polyurethane control arm bushings
auto,medium,H11 halogen fog lights
auto,medium,LED headlight bulbs
auto,medium,used driver side mirror
auto,medium,OEM Toyota oil filter
auto,medium,front ceramic brake pads
auto,medium,locking gas cap
auto,medium,4-gauge battery cables
auto,medium,performance ECU chip
auto,medium,universal catalytic converter
auto,medium,universal rubber floor mats
auto,medium,high performance water pump
auto,medium,leather steering wheel cover
auto,medium,chrome exhaust tip
auto,medium,new front wheel bearing
auto,hard,what causes a strong smell of gasoline inside the car cabin
auto,hard,what part do I need to fix my car's AC that is blowing warm air
auto,hard,best complete set of all-season tires for a sedan under $500
auto,hard,performance muffler that provides a deep tone for under $100
auto,hard,aftermarket catalytic converter for a Ford Escape under $350
auto,hard,how to stop my brakes from making a loud grinding noise
auto,hard,fog light bulbs that offer maximum visibility in dense fog
auto,hard,aftermarket stereo head unit that works with my car's factory steering wheel controls
auto,hard,what motor oil is compatible with a freshly rebuilt performance engine
auto,hard,replacement fuel pump for a Chevrolet Silverado under $150
auto,hard,rust-resistant exhaust components for vehicles in regions with salted roads
auto,hard,solution for a spongy brake pedal even after bleeding the lines
auto,hard,replacement parts for a car that hesitates when accelerating from a stop
auto,hard,what size tires should I get to go with my 2-inch suspension lift kit
auto,hard,tires with a high treadwear rating for long-distance highway commuting
auto,hard,front and rear brake pad and rotor kit for a pickup truck under $300
auto,hard,car battery specifically designed for reliable starts in extreme cold weather
auto,hard,CV axles with durable boots for lifted trucks with extreme suspension angles
auto,hard,shock absorbers that are specifically designed to pair with lowering springs
auto,hard,performance air filter to go with a recently installed cold air intake
auto,hard,spark plugs and ignition coils that work well together for a Ford F-150
auto,hard,what part is broken if my car overheats in slow traffic
auto,hard,brake pads formulated for frequent stop-and-go city driving
auto,hard,durable replacement alternator for a Honda Civic under $200
auto,hard,best windshield wiper blades for heavy rain and sleet conditions
auto,hard,roof rack cross bars for carrying a kayak on vacation trips
auto,hard,all-weather floor liners to protect carpets from snow and mud
auto,hard,high-temperature brake fluid for performance track day use
auto,hard,replacement starter for a car that just clicks when I turn the key
auto,hard,reliable replacement car battery with a good warranty under $175
auto,hard,how to fix a rattling noise coming from my exhaust system
auto,hard,what to do when my check engine light is on for a P0420 catalyst code
auto,hard,quality oxygen sensor for a Toyota Camry for under $60
auto,hard,upgraded brake rotors to match my high-performance ceramic pads
auto,hard,"engine oil designed for high-mileage cars over 100,000 miles"
auto,hard,air filter for driving in very dusty desert environments
auto,hard,parts needed to repair a power steering fluid leak
auto,hard,LED headlight conversion kit for improved night visibility under $80
auto,hard,a complete strut and spring assembly for under $450 for all four corners
auto,hard,heavy-duty shock absorbers for a truck used for off-roading and towing
auto,hard,performance camshaft to go with upgraded valve springs and retainers
auto,hard,high-flow fuel injectors to support a new aftermarket turbocharger
auto,hard,high-performance radiator for a sports car used in summer racing events
auto,hard,aftermarket exhaust manifold to complement a stage 1 ECU tune
auto,hard,how to fix a steering wheel that shakes violently at highway speeds
